SMILES,target1_pIC50,target2_pIC50,target3_pIC50,target4_pIC50,target5_pIC50
O=C1CCCC2=C1[C@H](c1cccc(O)c1)NC(=S)N2,7.813,6.624,5.388,4.43,7.856
NC(=O)C1CCCN1C(=O)c1cccc2c1OCO2,7.598,6.624,4.853,6.425,7.785
COc1ccc2nc(NCc3ccc(C(=O)Nc4ccccc4N)cc3)sc2c1,1.647,7.33,5.52,4.464,8.87
CC(C)(C)OC(=O)N[C@H]1CCCN(CCF)C1,6.006,5.428,3.9,5.069,5.798
COc1cc(N2CCN(S(C)(=O)=O)CC2)ccc1Nc1ncc2ccn(-c3ccccn3)c2n1,1.422,1.447,1.171,1.88,1.893
COC1(COc2cc(F)cc3ccc(-c4nnc5ccccn45)nc23)CCCNCC1,10.802,11.644,10.181,8.512,12.362
COc1ccc(Cc2nc(NC(=O)c3cc(Br)ccc3O)n(C)c2Cc2ccc(OC)c(OC)c2)cc1,1.088,2.525,1.225,1.089,0.686
NC(=O)[C@H](CCc1ccccc1)NC(=O)[C@H](Cc1c[nH]cn1)NC(=O)CCc1ccccc1,7.168,7.352,5.235,1.669,7.583
CCCNC(=O)C(Cc1ccccc1)NS(=O)(=O)c1ccc2c(c1)c(=O)n(C)c(=O)n2C,7.226,7.73,4.534,1.018,9.075
C=C1CC[C@H]2[C@@H]3CCc4cc(O)ccc4[C@H]3[C@H](O)C[C@]12C,9.652,8.072,6.249,3.404,8.494
CCC1=CC(=O)[C@]2(C/C=C(\C)CC/C=C(\C)CCC=C(C)C)O[C@@H]2[C@@H]1O,6.881,7.18,4.479,5.775,7.864
CC(C)(C)OC(=O)n1cc(-c2cccc(NC(=O)c3cc4sccc4[nH]3)c2)nc1N,1.673,1.373,1.366,1.847,1.338
Cc1[nH]c(=O)c(C#N)c(C)c1CCC(=O)Nc1ccc(N2CCCCC2)cc1,7.781,7.354,4.401,1.357,8.067
CCCCCCCCNC(=O)n1cc(C(F)(F)F)c(=O)[nH]c1=O,6.789,6.162,4.413,5.916,7.322
COc1cc(CN(Cc2ccccc2)Cc2ccc(O)c(OC)c2)ccc1O,7.627,7.002,1.882,3.89,8.268
CCOC(=O)Cc1nc2c(N)cccc2[nH]1,7.252,5.665,4.623,5.858,6.308
O=C(O)CCc1ccccc1/N=N/c1ccc(C(=O)O)cc1,7.352,6.142,4.832,3.554,7.402
Cc1noc(CCNS(=O)(=O)N2CCCC2c2ccc(C)o2)n1,7.833,6.363,5.229,1.153,7.678
Cc1ccc(C(=O)Nc2ccccc2)cc1NC(=O)C1(c2ncnc3[nH]ccc23)CC1,1.338,7.015,4.509,1.1,4.287
Cc1ccc2c(n1)N(C)CCN(Cc1ccco1)C2.O=C(O)C(F)(F)F.O=C(O)C(F)(F)F,11.803,11.039,10.082,10.569,11.432
Cc1ccc(-n2cnnc2)c(C(=O)N2CC3CCCC(C3)C2)c1,6.835,7.794,5.683,2.669,9.269
Cc1cccc(C)c1NC(=O)c1c(-c2ccccc2)noc1C,7.824,8.213,5.591,5.344,9.133
O=C(Nc1ccc(-c2nnc(NCCCCN3CCCC3)o2)cc1)c1ccccc1F,1.618,4.042,1.508,1.028,1.446
Cc1ccccc1NC(=O)C1CCN(C(=O)NC2CCCCC2)CC1,1.327,1.791,1.523,1.911,1.396
O=C(O)/C(=C/c1c(C(=O)O)[nH]c2cc(Cl)cc(Cl)c12)c1ccc(Cl)cc1,6.964,7.292,4.704,1.155,9.37
COc1cc(C2CN(C(=O)c3cc(OC[C@H](O)CO)ccn3)C2)ccc1OCc1ccc(C2CC2)cc1,4.217,6.816,1.598,0.158,6.807
CCCC1c2ccccc2CCN1CCS(C)(=O)=O,6.644,6.394,5.089,3.786,6.842
COc1ccc2c(c[n+]3c4c2ccc2c5c(cc(c24)CC3)OCO5)c1NC(=O)c1c(C)noc1C,1.149,1.864,1.469,1.545,1.446
O=C(O)c1ccc(Oc2ccc3c(c2)C[C@@H](NC[C@H](O)c2cccc(Cl)c2)CCC3)cc1,10.413,11.328,9.285,8.289,12.496
CC(c1ccc(S(C)(=O)=O)cc1)S(=O)(=O)c1cccc[n+]1[O-],7.942,6.927,5.17,3.855,8.098
COc1ccc2nc(-c3ccccc3)cc(NCCCNc3cc(-c4ccccc4)nc4ccc(OC)cc34)c2c1,1.86,5.626,4.773,1.867,7.421
O=C1NCc2c1cc(O[C@@H]1CCN(C(=O)C3CCOCC3)C1)cc2-c1cc(O)cc(F)c1,6.735,8.535,6.163,0.348,9.107
Cc1cccc(-c2oc(C)nc2C(=O)Nc2cnn(Cc3nc(C(C)(C)O)co3)n2)c1,5.427,7.316,1.11,0.154,3.815
COc1cc(/C=C/C(=O)/C=C/c2ccc(C(F)(F)F)cc2)ccc1O,1.491,4.984,4.519,1.253,4.735
CS(=O)(=O)Nc1cc(NCCO)nc(SCc2ccccc2)n1,7.603,5.828,5.221,4.554,6.94
CC(N)CO,3.816,2.788,2.646,3.431,3.014
N[C@@H](CC(=O)N1CCSC1)Cc1cccnc1,6.583,5.796,4.613,5.923,6.329
O=C(N[C@H](C/C=C/c1cccc(F)c1)C(=O)O)c1ccc2ccccc2c1,6.455,7.945,5.758,5.852,9.372
CC(=O)Nc1cccc2c(Oc3cccc(NC(=O)c4cc(C(F)(F)F)cc(C(F)(F)F)c4)c3)ccnc12,7.647,6.847,4.307,1.12,8.368
CCn1c(NC(=O)c2[nH]nc3ccccc23)nc2ccccc21,9.563,7.217,5.22,3.705,8.347
Cc1cc(C)nc(NCc2nocc2C)n1,7.282,5.901,4.763,6.307,6.905
Oc1c2c(nc3cc(-c4ccc(F)cc4)nn13)CCC2,8.539,6.919,5.311,1.752,7.726
Cc1ccc(C)c(-c2ccc(Cl)c(Cl)c2)c1/C=C/[C@@H]1C[C@@H](O)CC(=O)O1,6.57,7.932,5.951,4.102,9.302
CCn1nc(C)c(C2C(C#N)=C(N)OC3=C2C(=O)CCC3)c1C,7.117,7.058,4.7,0.143,2.337
O=c1ccc(Nc2ccccc2Cl)nn1-c1ccccc1Cl,8.604,7.331,6.028,5.543,7.864
Fc1ccc(-n2nnnc2-c2cnc(-c3cccs3)nc2C(F)(F)F)cc1,7.882,8.014,5.76,1.76,8.662
CC(=O)c1ccc(-c2cccc(NC(=O)CCc3cccc4c3C(O)OC4)c2)cc1,4.031,7.445,5.325,1.081,8.71
COCC(=O)N1CCC2(COCc3cnc(N4CCOCC4)nc32)C1,8.653,6.265,5.243,2.489,7.546
OCCn1nc(C2CCCC2)nc1C1CCOC1,7.26,6.162,4.937,4.911,6.743
CCOc1cc(C2NC(=O)NC(C)=C2C(=O)OCC2CCCCC2)ccc1O,1.09,6.96,5.679,5.29,8.654
Cn1cccc1C(=O)C(=O)Nc1cccc(Cl)c1Cl,7.092,6.337,5.029,5.907,7.504
O=C(C1CCOCC1)N1CCC2(CCC(C(=O)N3CCCC3)O2)CC1,6.413,6.902,5.586,4.617,8.498
COc1ccc(-c2cnnc(-n3nc(C)c4c3NC(=O)C[C@@H]4c3ccc(F)cc3F)n2)cc1,1.915,5.291,2.514,1.789,1.019
Cc1nc(CN(CCO)Cc2nccn2C)cs1,6.443,4.967,4.07,5.343,5.878
COCCN1CC[C@H]2OCC[C@@H](C(=O)N3CCCO3)[C@H]2C1.O=C(O)C(F)(F)F,7.505,6.127,4.548,6.188,7.194
O=C(COC(=O)c1ccccc1NC(=O)c1ccco1)Nc1ccc2c(c1)OC(F)(F)O2,7.747,7.967,5.349,0.281,9.575
O=C(NNC(=S)Nc1ccc(C(F)(F)F)cc1)c1nc(-c2cccc3ccccc23)no1,7.729,7.423,5.756,4.059,9.872
FC(F)(F)c1cc(N2CCC(OCc3nnn[nH]3)C2)cc(C(F)(F)F)c1,8.369,7.509,5.717,5.587,8.521
COc1ccc2c(c1)-c1nc(-n3ncc(C(=O)N(C)CCO)c3C3CC3)ncc1CC2,6.619,7.001,1.96,1.694,8.033
NC/C=C\Cn1cnc2c(=O)[nH]cnc21,7.571,5.104,4.588,5.427,6.254
CCO[C@H]1CC[C@@](CS)(C(=O)N[C@@H](Cc2ccccc2)C(=O)Nc2cccnc2)CC1,6.806,7.132,5.236,1.177,7.889
CN(C)C1(Cc2ccccc2)CCN(c2cc(C(F)(F)F)ccc2CNC(=O)Nc2cccc3ncccc23)CC1,1.065,8.759,5.613,1.459,7.873
CNCc1c(C)nn(-c2ccccc2)c1C,6.912,1.52,4.77,5.28,6.292
Cn1cc(-c2cc(NS(C)(=O)=O)ccc2OCc2ccccc2)c2cc[nH]c2c1=O,7.32,6.957,5.839,2.963,8.787
O=c1c(-c2cc[nH]n2)n[nH]c2c(-c3ccccn3)cnn12,8.82,6.649,5.523,7.112,7.837
Cc1[nH]c(-c2ccccc2)nc1C(=O)O,7.853,5.855,5.289,6.787,1.456
C[C@H]1NC(=O)c2[nH]c3ccccc3c2-c2ccccc21,10.31,7.743,6.054,6.319,9.232
CCC(=O)Nc1ncc2c(ccc3[nH]ccc32)n1,7.894,6.242,5.038,4.65,7.169
COc1ccc(-c2cc(C)nc3nc(N)nn23)cc1,7.904,6.273,4.867,4.623,7.186
C=CCc1ccc(O)c(-c2cc(CC=C)ccc2OC(=O)C(C)c2cccc(C(=O)c3ccccc3)c2)c1,4.516,8.511,4.964,1.619,9.93
COc1cccc(Nc2cc(NC(=O)CCCC(=O)O)ncn2)c1,8.183,6.423,4.939,6.34,7.343
O=c1c2ccccc2[nH]c(=S)n1CCN1CCCC1,8.08,6.298,5.093,5.113,6.925
COCCCn1nc(C)c2c(Cl)cc([C@@H](C)N(C(=O)[C@H]3CNCCO3)C3CC3)cc21,7.363,6.864,4.624,1.784,7.728
Nc1nc2c(cnn2CCCc2ccccc2)c2nc(-c3ccco3)nn12,7.611,7.364,5.348,1.292,8.346
CN(Cc1ccc(-n2cccn2)cc1)C(=O)C[C@H]1COCCN1,7.17,6.021,5.043,4.266,6.968
CCC(=O)N1CCc2cc(CNC(=O)Nc3cc(C)ccc3C)ccc21,8.462,7.131,4.242,3.074,8.091
CCc1ccc(OC(C)C(=O)Nc2ccccc2C(=O)N2CCOCC2)cc1,7.626,7.758,5.523,2.637,8.959
O=C1O[C@@H](CO)CN1c1ccc(-c2ccccc2)c(F)c1,7.88,6.491,5.141,2.006,6.82
O=C(NC(=O)c1ccccc1Cl)Nc1ccc(C(=O)O)cc1Cl,8.507,6.311,4.063,1.145,6.703
O=c1oc(-c2c(F)cccc2F)nc2cnccc12,8.145,7.089,5.836,6.159,7.845
CC#CCOC(=O)C1=CCCN(C)C1,6.157,5.194,3.745,5.156,6.478
Cc1cccc(Nc2ccccc2C(=O)N[C@@H](CCCCCC(=O)NO)C(=O)Nc2cccc3cccnc23)c1C,3.981,7.375,4.263,1.859,9.109
COc1ccc2c(n1)CN(c1ncnn3c(C)nc([C@H]4CCOC4)c13)CC2,8.817,7.151,5.162,1.985,8.302
O=C[C@@H](O)[C@H](O)[C@H](O)COP(=O)(O)O,5.764,3.727,3.528,5.381,5.046
CCCCn1/c(=N/C(=O)c2cc3ccccc3o2)c(C(=O)OCC)cc2c(=O)n3ccccc3nc21,5.852,6.442,4.785,1.193,7.79
Cc1nc(C)c(NS(=O)(=O)c2ccc3c(c2)CCCC3)s1,7.952,7.174,5.497,5.49,7.807
CC(=O)Nc1cnc(NC(=O)c2cccc(F)c2)cc1C,7.171,6.37,4.066,1.486,6.117
COc1ccc(C/N=c2\ssnc2Cl)cc1,6.406,5.614,4.538,5.369,6.135
CCCCc1c(O)cc2n(c1=O)-c1ccc(Cl)cc1C2(C)C,8.155,7.335,5.391,1.651,8.113
CCCCCC(=O)OC(C(=O)NC(C)(C)C)C(C)C,5.942,5.778,4.013,5.449,6.094
CNC(=O)c1ccc(-c2ccc3c(c2)CCN(CCN2CCCC2)C3=O)c(F)c1,1.486,1.034,1.021,1.966,1.773
Cn1nccc1CN1CCC(CC#N)(n2cc(C(N)=O)c(Nc3ccnc(F)c3)n2)CC1,1.064,6.534,4.89,0.914,6.906
COc1ccccc1OC(=O)c1cc(OC)c(OC)c(OC)c1,7.814,5.791,4.994,4.42,7.073
Cc1cnc(NS(=O)(=O)c2ccc(Nc3ccnc(SCC(=O)c4ccccc4)n3)cc2)nc1,5.718,7.272,5.579,1.186,9.114
Oc1cc(-c2nn(-c3ccc(Cl)cc3)c3nnc(-c4ccc(Cl)cc4)nc23)cc(O)c1O,1.217,1.731,1.394,1.336,1.137
CC(=O)Nc1cncc(-c2cccc(C(=O)N(C)C)c2)n1,8.068,6.698,4.972,7.172,7.829
